Admin,Admin1,User,admin1@example.com,1,adminpass1
Admin,Admin2,User,admin2@example.com,2,adminpass2
Admin,Admin3,User,admin3@example.com,3,adminpass3
Admin,Admin4,User,admin4@example.com,4,adminpass4
Admin,Admin5,User,admin5@example.com,5,adminpass5
Admin,Admin1,User,admin1@example.com,1,adminpass1
Admin,Admin2,User,admin2@example.com,2,adminpass2
Admin,Admin3,User,admin3@example.com,3,adminpass3
Admin,Admin4,User,admin4@example.com,4,adminpass4
Admin,Admin5,User,admin5@example.com,5,adminpass5
Admin,Admin1,User,admin1@example.com,1,adminpass1
Admin,Admin2,User,admin2@example.com,2,adminpass2
Admin,Admin3,User,admin3@example.com,3,adminpass3
Admin,Admin4,User,admin4@example.com,4,adminpass4
Admin,Admin5,User,admin5@example.com,5,adminpass5
Admin,Admin1,User,admin1@example.com,1,adminpass1
Admin,Admin2,User,admin2@example.com,2,adminpass2
Admin,Admin3,User,admin3@example.com,3,adminpass3
Admin,Admin4,User,admin4@example.com,4,adminpass4
Admin,Admin5,User,admin5@example.com,5,adminpass5
Admin,Admin1,User,admin1@example.com,1,adminpass1
Admin,Admin2,User,admin2@example.com,2,adminpass2
Admin,Admin3,User,admin3@example.com,3,adminpass3
Admin,Admin4,User,admin4@example.com,4,adminpass4
Admin,Admin5,User,admin5@example.com,5,adminpass5
Admin,Admin1,User,admin1@example.com,1,adminpass1
Admin,Admin2,User,admin2@example.com,2,adminpass2
Admin,Admin3,User,admin3@example.com,3,adminpass3
Admin,Admin4,User,admin4@example.com,4,adminpass4
Admin,Admin5,User,admin5@example.com,5,adminpass5
Admin,Admin1,User,admin1@example.com,1,adminpass1
Admin,Admin2,User,admin2@example.com,2,adminpass2
Admin,Admin3,User,admin3@example.com,3,adminpass3
Admin,Admin4,User,admin4@example.com,4,adminpass4
Admin,Admin5,User,admin5@example.com,5,adminpass5
Admin,Admin1,User,admin1@example.com,1,adminpass1
Admin,Admin2,User,admin2@example.com,2,adminpass2
Admin,Admin3,User,admin3@example.com,3,adminpass3
Admin,Admin4,User,admin4@example.com,4,adminpass4
Admin,Admin5,User,admin5@example.com,5,adminpass5
Admin,Admin1,User,admin1@example.com,1,adminpass1
Admin,Admin2,User,admin2@example.com,2,adminpass2
Admin,Admin3,User,admin3@example.com,3,adminpass3
Admin,Admin4,User,admin4@example.com,4,adminpass4
Admin,Admin5,User,admin5@example.com,5,adminpass5
Admin,Admin1,User,admin1@example.com,1,adminpass1
Admin,Admin2,User,admin2@example.com,2,adminpass2
Admin,Admin3,User,admin3@example.com,3,adminpass3
Admin,Admin4,User,admin4@example.com,4,adminpass4
Admin,Admin5,User,admin5@example.com,5,adminpass5
Admin,Admin1,User,admin1@example.com,1,adminpass1
Admin,Admin2,User,admin2@example.com,2,adminpass2
Admin,Admin3,User,admin3@example.com,3,adminpass3
Admin,Admin4,User,admin4@example.com,4,adminpass4
Admin,Admin5,User,admin5@example.com,5,adminpass5
Admin,Admin1,User,admin1@example.com,1,adminpass1
Admin,Admin2,User,admin2@example.com,2,adminpass2
Admin,Admin3,User,admin3@example.com,3,adminpass3
Admin,Admin4,User,admin4@example.com,4,adminpass4
Admin,Admin5,User,admin5@example.com,5,adminpass5
