Patron,Patron1,User,patron1@example.com,11,Silver
Patron,Patron2,User,patron2@example.com,12,Bronze
Patron,Patron3,User,patron3@example.com,13,Gold
Patron,Patron4,User,patron4@example.com,14,Platinum
Patron,Patron5,User,patron5@example.com,15,Diamond
Patron,Patron1,User,patron1@example.com,11,Silver
Patron,Patron2,User,patron2@example.com,12,Bronze
Patron,Patron3,User,patron3@example.com,13,Gold
Patron,Patron4,User,patron4@example.com,14,Platinum
Patron,Patron5,User,patron5@example.com,15,Diamond
Patron,Patron1,User,patron1@example.com,11,Silver
Patron,Patron2,User,patron2@example.com,12,Bronze
Patron,Patron3,User,patron3@example.com,13,Gold
Patron,Patron4,User,patron4@example.com,14,Platinum
Patron,Patron5,User,patron5@example.com,15,Diamond
Patron,Patron1,User,patron1@example.com,11,Silver
Patron,Patron2,User,patron2@example.com,12,Bronze
Patron,Patron3,User,patron3@example.com,13,Gold
Patron,Patron4,User,patron4@example.com,14,Platinum
Patron,Patron5,User,patron5@example.com,15,Diamond
Patron,Patron1,User,patron1@example.com,11,Silver
Patron,Patron2,User,patron2@example.com,12,Bronze
Patron,Patron3,User,patron3@example.com,13,Gold
Patron,Patron4,User,patron4@example.com,14,Platinum
Patron,Patron5,User,patron5@example.com,15,Diamond
Patron,Patron1,User,patron1@example.com,11,Silver
Patron,Patron2,User,patron2@example.com,12,Bronze
Patron,Patron3,User,patron3@example.com,13,Gold
Patron,Patron4,User,patron4@example.com,14,Platinum
Patron,Patron5,User,patron5@example.com,15,Diamond
Patron,Patron1,User,patron1@example.com,11,Silver
Patron,Patron2,User,patron2@example.com,12,Bronze
Patron,Patron3,User,patron3@example.com,13,Gold
Patron,Patron4,User,patron4@example.com,14,Platinum
Patron,Patron5,User,patron5@example.com,15,Diamond
Patron,Patron1,User,patron1@example.com,11,Silver
Patron,Patron2,User,patron2@example.com,12,Bronze
Patron,Patron3,User,patron3@example.com,13,Gold
Patron,Patron4,User,patron4@example.com,14,Platinum
Patron,Patron5,User,patron5@example.com,15,Diamond
Patron,Patron1,User,patron1@example.com,11,Silver
Patron,Patron2,User,patron2@example.com,12,Bronze
Patron,Patron3,User,patron3@example.com,13,Gold
Patron,Patron4,User,patron4@example.com,14,Platinum
Patron,Patron5,User,patron5@example.com,15,Diamond
Patron,Patron1,User,patron1@example.com,11,Silver
Patron,Patron2,User,patron2@example.com,12,Bronze
Patron,Patron3,User,patron3@example.com,13,Gold
Patron,Patron4,User,patron4@example.com,14,Platinum
Patron,Patron5,User,patron5@example.com,15,Diamond
Patron,Patron1,User,patron1@example.com,11,Silver
Patron,Patron2,User,patron2@example.com,12,Bronze
Patron,Patron3,User,patron3@example.com,13,Gold
Patron,Patron4,User,patron4@example.com,14,Platinum
Patron,Patron5,User,patron5@example.com,15,Diamond
Patron,Patron1,User,patron1@example.com,11,Silver
Patron,Patron2,User,patron2@example.com,12,Bronze
Patron,Patron3,User,patron3@example.com,13,Gold
Patron,Patron4,User,patron4@example.com,14,Platinum
Patron,Patron5,User,patron5@example.com,15,Diamond
